<?xml version="1.0" encoding="UTF-8"?>
<project-private xmlns="http://www.netbeans.org/ns/project-private/1">
    <editor-bookmarks xmlns="http://www.netbeans.org/ns/editor-bookmarks/2" lastBookmarkId="0"/>
    <open-files xmlns="http://www.netbeans.org/ns/projectui-open-files/2">
        <group>
            <file>file:/Users/bao5148/Desktop/ContactsApp/src/contactsapp/FileChooserTestController.java</file>
            <file>file:/Users/bao5148/Desktop/ContactsApp/src/contactsapp/ContactsApp.java</file>
            <file>file:/Users/bao5148/Desktop/ContactsApp/src/contactsapp/Contact.java</file>
            <file>file:/Users/bao5148/Desktop/ContactsApp/src/contactsapp/ContactsAppController.java</file>
            <file>file:/Users/bao5148/Desktop/ContactsApp/src/contactsapp/ContactImageTextCell.java</file>
        </group>
    </open-files>
</project-private>
